2025-03-01, 32, 55, Clear
2025-03-02, 28, 60, Partly Cloudy
2025-03-03, 15, 70, Rain
2025-03-04, 10, 75, Rain
2025-03-05, 5, 80, Snow
2025-03-06, 35, 50, Sunny
2025-03-07, 38, 45, Heatwave
2025-03-08, 12, 65, Cloudy
2025-03-09, 8, 85, Snow
2025-03-10, 25, 58, Clear
2025-03-11, 20, 63, Drizzle
2025-03-12, 30, 55, Sunny
2025-03-13, 28, 57, Clear
2025-03-14, 22, 60, Cloudy
2025-03-15, 18, 67, Rain
2025-03-16, 12, 70, Storm
2025-03-17, 5, 90, Snow
2025-03-18, 7, 80, Snow
2025-03-19, 14, 75, Foggy
2025-03-20, 30, 50, Sunny
2025-03-21, 33, 45, Clear
2025-03-22, 40, 40, Heatwave
2025-03-23, 10, 80, Rain
2025-03-24, 6, 85, Snow
2025-03-25, 15, 70, Rain
2025-03-26, 22, 65, Partly Cloudy
2025-03-27, 35, 55, Clear
2025-03-28, 18, 60, Drizzle
2025-03-29, 25, 58, Cloudy
2025-03-30, 30, 52, Sunny
2025-03-31, 12, 75, Thunderstorm
